pair_id,file_a,file_b,distance,same_class,review_status,status
ND_00001,Tomato___Bacterial_spot/166a69a7-cae0-4e6e-ac75-bc207a5335f4___GCREC_Bact.Sp 5705.JPG,Tomato___Target_Spot/fddfa96b-42a0-43f1-bbee-eac32d7caff7___Com.G_TgS_FL 9820.JPG,4,False,candidate_near_duplicate,verified
ND_00002,Tomato___Bacterial_spot/19a4a07c-5e82-4a4f-bc64-9f7d941cab88___GCREC_Bact.Sp 3515.JPG,Tomato___Bacterial_spot/517dac9f-61a6-4e5a-928e-b0009c2d6d47___GCREC_Bact.Sp 3516.JPG,4,True,candidate_near_duplicate,verified
ND_00003,Tomato___Bacterial_spot/1ee0cf88-307d-4c0c-af30-6031c2cbd256___GCREC_Bact.Sp 5840.JPG,Tomato___Bacterial_spot/cf155207-09bc-454e-a31b-0d469c9bb3d7___GCREC_Bact.Sp 2989.JPG,3,True,candidate_near_duplicate,verified
ND_00004,Tomato___Bacterial_spot/2d9b4cc9-3b21-4e0c-830f-b97ed7bfb397___GCREC_Bact.Sp 3444.JPG,Tomato___Bacterial_spot/f834fa07-fd63-4ff6-8a17-e13c02ac4878___GCREC_Bact.Sp 5693.JPG,4,True,candidate_near_duplicate,verified
ND_00005,Tomato___Bacterial_spot/767eb77f-de18-4314-a465-4df8d442f468___GCREC_Bact.Sp 5951.JPG,Tomato___Bacterial_spot/cf155207-09bc-454e-a31b-0d469c9bb3d7___GCREC_Bact.Sp 2989.JPG,4,True,candidate_near_duplicate,verified
ND_00006,Tomato___Bacterial_spot/a2347956-94dc-441c-80b4-f663e8b2edbd___GCREC_Bact.Sp 6054.JPG,Tomato___Tomato_Yellow_Leaf_Curl_Virus/f6d5ad61-dfaf-4083-a9af-1b0755ec0a5d___YLCV_GCREC 2381.JPG,4,False,candidate_near_duplicate,verified
ND_00007,Tomato___Bacterial_spot/c37d3b8a-fecc-488a-ab78-c00f5240283c___GCREC_Bact.Sp 3343.JPG,Tomato___Spider_mites Two-spotted_spider_mite/f03ba5ea-8380-4386-9e30-2e588a27d94a___Com.G_SpM_FL 9526.JPG,4,False,candidate_near_duplicate,verified
ND_00008,Tomato___Late_blight/081d1e25-3f06-46a1-95ef-d10a62faa80f___GHLB2 Leaf 8600.JPG,Tomato___Late_blight/27a3a882-d241-4b46-9606-04e7fcaced25___GHLB2 Leaf 8599.JPG,4,True,candidate_near_duplicate,verified
ND_00009,Tomato___Late_blight/08f6ed0a-4cd0-4bd3-8983-469002cad2d9___GHLB2 Leaf 9078.JPG,Tomato___Late_blight/1e65a5c4-ba60-4edb-817c-c281d5a5e364___GHLB2 Leaf 9079.JPG,4,True,candidate_near_duplicate,verified
ND_00010,Tomato___Late_blight/16e4a1f9-21c2-4c1a-bdbc-1336da74ba2c___GHLB2 Leaf 145.3.JPG,Tomato___Late_blight/bf0b58c2-1d95-4f37-80ea-1bcd82e9c59b___GHLB2 Leaf 145.4.JPG,3,True,candidate_near_duplicate,verified
ND_00011,Tomato___Late_blight/16e4a1f9-21c2-4c1a-bdbc-1336da74ba2c___GHLB2 Leaf 145.3.JPG,Tomato___Late_blight/cebd5337-bb61-4454-93da-bba4169f0802___GHLB2 Leaf 145.JPG,3,True,candidate_near_duplicate,verified
ND_00012,Tomato___Late_blight/17fcb016-4663-4f95-bc0b-b40392235015___GHLB_PS Leaf 35.1 Day 13.jpg,Tomato___Late_blight/7b343a4c-5fbc-40f6-83da-ccae49ebd5fb___GHLB_PS Leaf 35 Day 13.jpg,4,True,candidate_near_duplicate,verified
ND_00013,Tomato___Late_blight/1ac4f6ea-d2d0-4b94-93f0-788a5e92fe90___GHLB2 Leaf 8707.JPG,Tomato___Late_blight/d31734a0-98c8-43a2-9b17-166785e192f8___GHLB2 Leaf 8706.JPG,4,True,candidate_near_duplicate,verified
ND_00014,Tomato___Late_blight/2159d0f7-09ef-46ad-ad49-749e8ce1becc___GHLB2 Leaf 8836.JPG,Tomato___Late_blight/7f533ee8-1d72-486e-b2a6-b5ef2ac7cc88___GHLB2 Leaf 8837.JPG,4,True,candidate_near_duplicate,verified
ND_00015,Tomato___Late_blight/1a69b38b-c4eb-42c4-9584-bcb14fb8db0c___GHLB2 Leaf 9011.JPG,Tomato___Late_blight/2c47b891-3c97-48f1-a2cc-5aa53d3a1148___GHLB2 Leaf 9011.JPG,0,True,candidate_near_duplicate,verified
ND_00016,Tomato___Late_blight/3fae9c64-18f0-4a67-9f97-554248bb1bed___GHLB_PS Leaf 24 Day 16.jpg,Tomato___Late_blight/5de6da85-f8c4-48c4-b463-3e6bd78884cc___GHLB_PS Leaf 24 Day 16.jpg,0,True,candidate_near_duplicate,verified
ND_00017,Tomato___Late_blight/48c55974-9fe9-4f4b-94f7-c8cd127d1e05___GHLB_PS Leaf 23.7 Day 13.jpg,Tomato___Late_blight/bd4f09bd-ee85-4ab1-bce0-8cde3fdd7f1b___GHLB_PS Leaf 23.7 Day 13.jpg,0,True,candidate_near_duplicate,verified
ND_00018,Tomato___Late_blight/98586693-fe1f-4ea0-8e27-4501b61cf09b___GHLB_PS Leaf 23.5 Day 13.jpg,Tomato___Late_blight/c1775bad-7c02-41fb-bb7d-f8df91d60ac3___GHLB_PS Leaf 23.5 Day 13.jpg,0,True,candidate_near_duplicate,verified
ND_00019,Tomato___Late_blight/d6e6897a-5083-4914-9903-804c5684a956___GHLB2 Leaf 102.JPG,Tomato___Late_blight/d81682aa-746b-4e07-af2b-52ebb6f4c017___GHLB2 Leaf 102.JPG,0,True,candidate_near_duplicate,verified
ND_00020,Tomato___Late_blight/861d8b00-57a4-46b0-b51a-09d102dbe119___GHLB_PS Leaf 24 Day 13.jpg,Tomato___Late_blight/d82b634e-9a19-497b-b698-aaf100d622a1___GHLB_PS Leaf 24 Day 13.jpg,0,True,candidate_near_duplicate,verified
ND_00021,Tomato___Late_blight/5688ea99-c949-41d0-bbab-9cbf0ffb8bcd___GHLB2 Leaf 8677.JPG,Tomato___Late_blight/e20107e7-137f-400e-817f-5dc4c58e5d70___GHLB2 Leaf 8677.JPG,0,True,candidate_near_duplicate,verified
ND_00022,Tomato___Late_blight/5f21282c-e2ef-4c4a-ace1-b5701fe7effc___GHLB2 Leaf 8999.JPG,Tomato___Late_blight/e5d707cd-077c-43af-bda9-6138e516ff51___GHLB2 Leaf 8999.JPG,0,True,candidate_near_duplicate,verified
ND_00023,Tomato___Septoria_leaf_spot/17e3282e-f327-4245-95b1-a4fee7b33838___Matt.S_CG 2619.JPG,Tomato___Septoria_leaf_spot/a11dad0c-2ed0-4d57-bd0b-0b19a0d7f17c___Matt.S_CG 2622.JPG,2,True,candidate_near_duplicate,verified
ND_00024,Tomato___Spider_mites Two-spotted_spider_mite/8d99fef6-aef1-4e74-84c4-eb713aaef8af___Com.G_SpM_FL 8726.JPG,Tomato___Spider_mites Two-spotted_spider_mite/e7b889f3-d580-426e-83fb-6519f43935ef___Com.G_SpM_FL 8690.JPG,4,True,candidate_near_duplicate,verified
ND_00025,Tomato___Spider_mites Two-spotted_spider_mite/d83e3292-0be8-43b9-8215-4705a452a08a___Com.G_SpM_FL 1642.JPG,Tomato___Spider_mites Two-spotted_spider_mite/fa0f71aa-5583-4376-ab17-a755cf065aaf___Com.G_SpM_FL 1520.JPG,4,True,candidate_near_duplicate,verified
ND_00026,Tomato___Spider_mites Two-spotted_spider_mite/e13060fe-90fb-49c9-ab46-9a4cfd68c02a___Com.G_SpM_FL 1749.JPG,Tomato___Target_Spot/c6fc37bf-8462-49c9-ac5c-a5f078e34ea4___Com.G_TgS_FL 7958.JPG,4,False,candidate_near_duplicate,verified
ND_00027,Tomato___Spider_mites Two-spotted_spider_mite/fa0f71aa-5583-4376-ab17-a755cf065aaf___Com.G_SpM_FL 1520.JPG,Tomato___Spider_mites Two-spotted_spider_mite/fd71ebe5-4ce6-4b19-b71e-cb66b034c123___Com.G_SpM_FL 1282.JPG,4,True,candidate_near_duplicate,verified
ND_00028,Tomato___Tomato_Yellow_Leaf_Curl_Virus/08f78a80-46f5-45a6-937c-4d05d61c08c2___UF.GRC_YLCV_Lab 01895.JPG,Tomato___Tomato_Yellow_Leaf_Curl_Virus/1240c7a7-a64a-4659-8849-5451c205208d___UF.GRC_YLCV_Lab 01888.JPG,4,True,candidate_near_duplicate,verified
ND_00029,Tomato___Tomato_Yellow_Leaf_Curl_Virus/1240c7a7-a64a-4659-8849-5451c205208d___UF.GRC_YLCV_Lab 01888.JPG,Tomato___Tomato_Yellow_Leaf_Curl_Virus/fcdfc17c-1a1b-48df-8612-740f3a50fcbd___UF.GRC_YLCV_Lab 01892.JPG,2,True,candidate_near_duplicate,verified
ND_00030,Tomato___Tomato_Yellow_Leaf_Curl_Virus/1802387a-2c1e-4700-aa3f-2535c62278f0___UF.GRC_YLCV_Lab 02097.JPG,Tomato___Tomato_Yellow_Leaf_Curl_Virus/d65b18d5-1584-4022-bd18-79c1b181056e___UF.GRC_YLCV_Lab 02098.JPG,1,True,candidate_near_duplicate,verified
ND_00031,Tomato___Tomato_Yellow_Leaf_Curl_Virus/180ef991-3ed2-41d8-93b6-c1791d745669___UF.GRC_YLCV_Lab 01678.JPG,Tomato___Tomato_Yellow_Leaf_Curl_Virus/f390848d-e427-4c8e-8e93-0772e9f91fc8___UF.GRC_YLCV_Lab 01668.JPG,4,True,candidate_near_duplicate,verified
ND_00032,Tomato___Tomato_Yellow_Leaf_Curl_Virus/19ead445-c37c-4a22-b3fb-02510e66b553___UF.GRC_YLCV_Lab 01388.JPG,Tomato___Tomato_Yellow_Leaf_Curl_Virus/b379ab04-3780-4283-b388-2a038b773d79___UF.GRC_YLCV_Lab 01389.JPG,4,True,candidate_near_duplicate,verified
ND_00033,Tomato___Tomato_Yellow_Leaf_Curl_Virus/1d7ce115-b719-4236-948f-5640817b43c3___UF.GRC_YLCV_Lab 02829.JPG,Tomato___Tomato_Yellow_Leaf_Curl_Virus/8d6df373-91b8-4ae8-b358-e9d57a6f3d54___UF.GRC_YLCV_Lab 02828.JPG,3,True,candidate_near_duplicate,verified
ND_00034,Tomato___Tomato_Yellow_Leaf_Curl_Virus/28df4dbd-4942-4323-9726-f1799df717d9___UF.GRC_YLCV_Lab 02955.JPG,Tomato___Tomato_Yellow_Leaf_Curl_Virus/7230cf47-a160-4f3e-b9c7-c00d0b283c33___UF.GRC_YLCV_Lab 02956.JPG,4,True,candidate_near_duplicate,verified
ND_00035,Tomato___Tomato_Yellow_Leaf_Curl_Virus/2ed63cde-c59e-45df-a38b-ee87197908bb___UF.GRC_YLCV_Lab 01623.JPG,Tomato___Tomato_Yellow_Leaf_Curl_Virus/7c215f7a-4aaf-4461-a727-7e4777daa562___UF.GRC_YLCV_Lab 01624.JPG,3,True,candidate_near_duplicate,verified
ND_00036,Tomato___Tomato_Yellow_Leaf_Curl_Virus/2ed63cde-c59e-45df-a38b-ee87197908bb___UF.GRC_YLCV_Lab 01623.JPG,Tomato___Tomato_Yellow_Leaf_Curl_Virus/c2e89c8f-a64a-4396-aec9-da55a1a6f98d___UF.GRC_YLCV_Lab 01631.JPG,4,True,candidate_near_duplicate,verified
ND_00037,Tomato___Tomato_Yellow_Leaf_Curl_Virus/3809d16d-8e37-4acc-a22b-8089903525e1___UF.GRC_YLCV_Lab 02457.JPG,Tomato___Tomato_Yellow_Leaf_Curl_Virus/def16316-85f6-44e8-98fc-e48820caf2d9___UF.GRC_YLCV_Lab 02471.JPG,4,True,candidate_near_duplicate,verified
ND_00038,Tomato___Tomato_Yellow_Leaf_Curl_Virus/4072f0fe-3af2-4d19-acf6-a55f3c36ad55___UF.GRC_YLCV_Lab 01811.JPG,Tomato___Tomato_Yellow_Leaf_Curl_Virus/bc47e567-3939-4a00-b4e6-828688e3ac2a___UF.GRC_YLCV_Lab 01818.JPG,4,True,candidate_near_duplicate,verified
ND_00039,Tomato___Tomato_Yellow_Leaf_Curl_Virus/40928b95-6a82-4757-85e1-98d3930f1512___UF.GRC_YLCV_Lab 02076.JPG,Tomato___Tomato_Yellow_Leaf_Curl_Virus/896c8923-bea5-464a-ab03-db1b9427cac4___UF.GRC_YLCV_Lab 02075.JPG,4,True,candidate_near_duplicate,verified
ND_00040,Tomato___Tomato_Yellow_Leaf_Curl_Virus/40e16b2c-d41e-40f6-99fc-ee38a26e1efa___UF.GRC_YLCV_Lab 01662.JPG,Tomato___Tomato_Yellow_Leaf_Curl_Virus/eb78022e-bc77-473a-96a1-d1d9dd014e3b___UF.GRC_YLCV_Lab 01661.JPG,3,True,candidate_near_duplicate,verified
ND_00041,Tomato___Tomato_Yellow_Leaf_Curl_Virus/41aad915-6a72-497f-bb47-3d73d5c2c4cf___UF.GRC_YLCV_Lab 01934.JPG,Tomato___Tomato_Yellow_Leaf_Curl_Virus/a9171c0c-e224-4f8b-b84f-1caba2c3c989___UF.GRC_YLCV_Lab 01935.JPG,2,True,candidate_near_duplicate,verified
ND_00042,Tomato___Tomato_Yellow_Leaf_Curl_Virus/46476c84-3651-4706-af74-ccda9fb43719___UF.GRC_YLCV_Lab 08496.JPG,Tomato___Tomato_Yellow_Leaf_Curl_Virus/c91b0581-41e8-48a5-9807-842ee3ba12ef___UF.GRC_YLCV_Lab 08495.JPG,3,True,candidate_near_duplicate,verified
ND_00043,Tomato___Tomato_Yellow_Leaf_Curl_Virus/4ef9186b-1163-40c1-bbdf-2a66c7ea2c39___UF.GRC_YLCV_Lab 01590.JPG,Tomato___Tomato_Yellow_Leaf_Curl_Virus/6afa75f0-ed92-49ed-8e3e-e222f212e5ad___UF.GRC_YLCV_Lab 01591.JPG,4,True,candidate_near_duplicate,verified
ND_00044,Tomato___Tomato_Yellow_Leaf_Curl_Virus/5741aac8-276f-4654-afc7-ebb939c3d4b8___UF.GRC_YLCV_Lab 02665.JPG,Tomato___Tomato_Yellow_Leaf_Curl_Virus/ea824bff-58c4-402e-936c-70bc49912701___UF.GRC_YLCV_Lab 02667.JPG,4,True,candidate_near_duplicate,verified
ND_00045,Tomato___Tomato_Yellow_Leaf_Curl_Virus/61c03d35-853f-454b-8aff-7999536888a0___UF.GRC_YLCV_Lab 02448.JPG,Tomato___Tomato_Yellow_Leaf_Curl_Virus/ce145bc2-c0fa-40b5-8622-38a7a88a1823___UF.GRC_YLCV_Lab 02441.JPG,1,True,candidate_near_duplicate,verified
ND_00046,Tomato___Tomato_Yellow_Leaf_Curl_Virus/89f4ab7d-764f-4df5-b244-51c50ce68836___UF.GRC_YLCV_Lab 01460.JPG,Tomato___Tomato_Yellow_Leaf_Curl_Virus/a193e214-3a19-410d-8467-63eafff67aea___UF.GRC_YLCV_Lab 01457.JPG,4,True,candidate_near_duplicate,verified
ND_00047,Tomato___Tomato_Yellow_Leaf_Curl_Virus/906f8e46-f387-4d39-9d7d-08df032222e0___UF.GRC_YLCV_Lab 02498.JPG,Tomato___Tomato_Yellow_Leaf_Curl_Virus/fa16f530-1e23-4a86-acb1-1ff53dd49e37___UF.GRC_YLCV_Lab 02499.JPG,4,True,candidate_near_duplicate,verified
ND_00048,Tomato___Tomato_Yellow_Leaf_Curl_Virus/906f8e46-f387-4d39-9d7d-08df032222e0___UF.GRC_YLCV_Lab 02498.JPG,Tomato___Tomato_Yellow_Leaf_Curl_Virus/f591877b-3f56-491c-b522-8a192a92e78e___UF.GRC_YLCV_Lab 02503.JPG,3,True,candidate_near_duplicate,verified
ND_00049,Tomato___Tomato_Yellow_Leaf_Curl_Virus/a773a7f6-b969-498f-93ad-b14f3b84dbe8___UF.GRC_YLCV_Lab 02634.JPG,Tomato___Tomato_Yellow_Leaf_Curl_Virus/bb292b2e-4447-4433-bab9-d8e1e29c7d5b___UF.GRC_YLCV_Lab 02635.JPG,2,True,candidate_near_duplicate,verified
ND_00050,Tomato___Tomato_Yellow_Leaf_Curl_Virus/b37e1706-abf7-49c1-9a4c-361b9f586b8a___UF.GRC_YLCV_Lab 02815.JPG,Tomato___Tomato_Yellow_Leaf_Curl_Virus/ba6050f2-a204-4060-8524-7e3f6108f562___UF.GRC_YLCV_Lab 02820.JPG,3,True,candidate_near_duplicate,verified
ND_00051,Tomato___Tomato_Yellow_Leaf_Curl_Virus/dc871d1b-3150-4783-81a9-ab2b9fd79617___UF.GRC_YLCV_Lab 03136.JPG,Tomato___Tomato_Yellow_Leaf_Curl_Virus/f5a4c551-4500-49c5-904d-6ed08dd43cc0___UF.GRC_YLCV_Lab 03140.JPG,4,True,candidate_near_duplicate,verified
ND_00052,Tomato___Tomato_mosaic_virus/7569fab7-ac19-4ac4-a01b-b77a4abb0c29___PSU_CG 2350.JPG,Tomato___Tomato_mosaic_virus/c3ddea5d-2076-46cf-8769-0d200185c259___PSU_CG 2348.JPG,2,True,candidate_near_duplicate,verified
ND_00053,Tomato___healthy/167247af-fd67-4b70-a72e-052dc5ea863b___GH_HL Leaf 388.1.JPG,Tomato___healthy/9bda0790-8cb2-4dce-8b8a-debdbd08a67d___GH_HL Leaf 388.JPG,4,True,candidate_near_duplicate,verified
ND_00054,Tomato___healthy/16c1b712-2c55-4a8d-899f-cc0e725d4835___GH_HL Leaf 314.JPG,Tomato___healthy/264a08a7-74a4-4492-aff1-8a3ab8b35c46___GH_HL Leaf 314.1.JPG,3,True,candidate_near_duplicate,verified
ND_00055,Tomato___healthy/068e324c-faf6-40d6-8f83-578907f1cac5___GH_HL Leaf 466.1.JPG,Tomato___healthy/34c81c57-e1fa-49dd-a49d-34fe8b2385fe___GH_HL Leaf 466.1.JPG,0,True,candidate_near_duplicate,verified
ND_00056,Tomato___healthy/4255f30c-f233-4706-9334-bc3c0d09d63d___GH_HL Leaf 372.2.JPG,Tomato___healthy/c58defb7-5515-4b89-896f-13039c13051f___GH_HL Leaf 372.1.JPG,2,True,candidate_near_duplicate,verified
ND_00057,Tomato___healthy/37203047-d8ba-43f7-b31e-d496c41c569c___GH_HL Leaf 389.JPG,Tomato___healthy/505465db-407b-4e0a-8110-7479dad5261c___GH_HL Leaf 389.JPG,0,True,candidate_near_duplicate,verified
ND_00058,Tomato___healthy/5c4d21aa-76f8-4ab7-8440-65fd3cac640b___GH_HL Leaf 263.JPG,Tomato___healthy/7620a603-c3cd-4893-9481-901c9950bb00___GH_HL Leaf 263.1.JPG,2,True,candidate_near_duplicate,verified
ND_00059,Tomato___healthy/8d4a3b2d-bcef-4861-a0a0-c3cb0a1990ce___GH_HL Leaf 204.JPG,Tomato___healthy/973c9431-f521-462d-82fa-442196087ca8___GH_HL Leaf 204.1.JPG,4,True,candidate_near_duplicate,verified
ND_00060,Tomato___healthy/96d85e53-b980-42f7-8e3d-cd6f7ec9c287___GH_HL Leaf 520.5.JPG,Tomato___healthy/e8d0f3de-312b-4316-aca4-798a51ebd423___GH_HL Leaf 520.1.JPG,4,True,candidate_near_duplicate,verified
ND_00061,Tomato___healthy/488feb1c-4b9f-44e7-8aa6-4103a9601f5f___GH_HL Leaf 434.JPG,Tomato___healthy/a5de43e7-fc2f-4a14-a8e6-c0f2f94c84f1___GH_HL Leaf 434.JPG,0,True,candidate_near_duplicate,verified
ND_00062,Tomato___healthy/1af0bfe1-4bcf-4b8b-be66-5d0953eb647e___GH_HL Leaf 482.2.JPG,Tomato___healthy/cfd491d6-4af5-4728-8f0e-0d330a07174a___GH_HL Leaf 482.2.JPG,0,True,candidate_near_duplicate,verified
ND_00063,Tomato___healthy/9662364c-aaba-45e3-b907-10792d60578c___GH_HL Leaf 220.JPG,Tomato___healthy/d2ce7896-6fa4-45e6-96c5-d162da0e3e1c___GH_HL Leaf 220.JPG,0,True,candidate_near_duplicate,verified
ND_00064,Tomato___healthy/d5beabbd-afc7-41c5-aa06-ec45c32e751e___GH_HL Leaf 289.1.JPG,Tomato___healthy/eab401a8-c014-4a63-98d4-b6144cfc7bc9___GH_HL Leaf 289.JPG,4,True,candidate_near_duplicate,verified
ND_00065,Tomato___healthy/37aad83b-7ff8-4b35-b3ed-fb8e0f54910b___GH_HL Leaf 342.1.JPG,Tomato___healthy/e786ac89-29fe-47e3-b49e-b9a9ee7edd9d___GH_HL Leaf 342.1.JPG,0,True,candidate_near_duplicate,verified
